INSERT INTO LOCATION_STATE (ID, NAME) VALUES (location_state_id_seq.NEXTVAL, 'ACTIVO');
INSERT INTO LOCATION_STATE (ID, NAME) VALUES (location_state_id_seq.NEXTVAL, 'INACTIVO');
INSERT INTO LOCATION_STATE (ID, NAME) VALUES (location_state_id_seq.NEXTVAL, 'SIN SEDE');
 
INSERT INTO THE_DEPARTMENT (ID, NAME, LOC_STATE_ID) VALUES (the_partment_id_seq.NEXTVAL, 'Antioquia', 1);
INSERT INTO THE_DEPARTMENT (ID, NAME, LOC_STATE_ID) VALUES (the_partment_id_seq.NEXTVAL, 'Cundinamarca', 1);
INSERT INTO THE_DEPARTMENT (ID, NAME, LOC_STATE_ID) VALUES (the_partment_id_seq.NEXTVAL, 'Bolívar', 2);
INSERT INTO THE_DEPARTMENT (ID, NAME, LOC_STATE_ID) VALUES (the_partment_id_seq.NEXTVAL, 'Bogotá D.C', 1);
INSERT INTO THE_DEPARTMENT (ID, NAME, LOC_STATE_ID) VALUES (the_partment_id_seq.NEXTVAL, 'Valle del Cauca', 3);
 
INSERT INTO MUNICIPALITY (ID, NAME, LOC_STATE_ID, DEPARTMENT_ID) VALUES (municipality_id_seq.NEXTVAL, 'Bogotá D.C', 1, 4);
INSERT INTO MUNICIPALITY (ID, NAME, LOC_STATE_ID, DEPARTMENT_ID) VALUES (municipality_id_seq.NEXTVAL, 'Medellin', 1, 1);
INSERT INTO MUNICIPALITY (ID, NAME, LOC_STATE_ID, DEPARTMENT_ID) VALUES (municipality_id_seq.NEXTVAL, 'Bello', 2, 1);
INSERT INTO MUNICIPALITY (ID, NAME, LOC_STATE_ID, DEPARTMENT_ID) VALUES (municipality_id_seq.NEXTVAL, 'Cajica', 2, 2);
INSERT INTO MUNICIPALITY (ID, NAME, LOC_STATE_ID, DEPARTMENT_ID) VALUES (municipality_id_seq.NEXTVAL, 'Santa Catalina', 3, 3);
 
INSERT INTO TERMINAL (ID, NAME, ADDRESS, NUM_TEL, MUNICIPAL_ID) VALUES (terminal_id_seq.NEXTVAL, 'Terminal Salitre', 'Diagonal 23 # 69 - 11', '4233951', 1);
INSERT INTO TERMINAL (ID, NAME, ADDRESS, NUM_TEL, MUNICIPAL_ID) VALUES (terminal_id_seq.NEXTVAL, 'Terminal del Sur', 'Calle 57Q #75F - 82', '9635689', 1);
INSERT INTO TERMINAL (ID, NAME, ADDRESS, NUM_TEL, MUNICIPAL_ID) VALUES (terminal_id_seq.NEXTVAL, 'Terminal del Norte', 'Autopista norte con calle 192 #19-43', '5679535', 1);
INSERT INTO TERMINAL (ID, NAME, ADDRESS, NUM_TEL, MUNICIPAL_ID) VALUES (terminal_id_seq.NEXTVAL, 'Terminal del Norte', 'Carrera 64C No. 78 – 580', '44448020', 2);
INSERT INTO TERMINAL (ID, NAME, ADDRESS, NUM_TEL, MUNICIPAL_ID) VALUES (terminal_id_seq.NEXTVAL, 'Terminal de Bello', 'a 46-119, Cl. 44 #46-21', '4568562', 3);
 
INSERT INTO ARRIVAL_TERMINAL (ID, TERM_ID) VALUES (arrival_department_id_seq.NEXTVAL, 1);
INSERT INTO ARRIVAL_TERMINAL (ID, TERM_ID) VALUES (arrival_department_id_seq.NEXTVAL, 2);
INSERT INTO ARRIVAL_TERMINAL (ID, TERM_ID) VALUES (arrival_department_id_seq.NEXTVAL, 3);
INSERT INTO ARRIVAL_TERMINAL (ID, TERM_ID) VALUES (arrival_department_id_seq.NEXTVAL, 4);
INSERT INTO ARRIVAL_TERMINAL (ID, TERM_ID) VALUES (arrival_department_id_seq.NEXTVAL, 5)   ;
 
INSERT INTO DEPARTURE_TERMINAL (ID, TERM_ID) VALUES (departure_department_id_seq.NEXTVAL, 1);
INSERT INTO DEPARTURE_TERMINAL (ID, TERM_ID) VALUES (departure_department_id_seq.NEXTVAL, 2);
INSERT INTO DEPARTURE_TERMINAL (ID, TERM_ID) VALUES (departure_department_id_seq.NEXTVAL, 3);
INSERT INTO DEPARTURE_TERMINAL (ID, TERM_ID) VALUES (departure_department_id_seq.NEXTVAL, 4);
INSERT INTO DEPARTURE_TERMINAL (ID, TERM_ID) VALUES (departure_department_id_seq.NEXTVAL, 5);
 
INSERT INTO STATE (ID, NAME) VALUES (state_id_seq.NEXTVAL, 'ACTIVO');
INSERT INTO STATE (ID, NAME) VALUES (state_id_seq.NEXTVAL, 'INACTIVO');
 
INSERT INTO FUEL (ID, NAME, STATE_ID) VALUES (fuel_id_seq.NEXTVAL, 'Gasolina', 2);
INSERT INTO FUEL (ID, NAME, STATE_ID) VALUES (fuel_id_seq.NEXTVAL, 'Diésel', 1);
INSERT INTO FUEL (ID, NAME, STATE_ID) VALUES (fuel_id_seq.NEXTVAL, 'Gas Natural', 1);
INSERT INTO FUEL (ID, NAME, STATE_ID) VALUES (fuel_id_seq.NEXTVAL, 'Metanol', 2);
INSERT INTO FUEL (ID, NAME, STATE_ID) VALUES (fuel_id_seq.NEXTVAL, 'Electricidad', 1);
 
INSERT INTO SERVICE (ID, NAME, STATE_ID) VALUES (service_id_seq.NEXTVAL, 'Baño', 1);
INSERT INTO SERVICE (ID, NAME, STATE_ID) VALUES (service_id_seq.NEXTVAL, 'WIFI', 1);
INSERT INTO SERVICE (ID, NAME, STATE_ID) VALUES (service_id_seq.NEXTVAL, 'TV Ambiental', 1);
INSERT INTO SERVICE (ID, NAME, STATE_ID) VALUES (service_id_seq.NEXTVAL, 'Toma Corriente', 2);
INSERT INTO SERVICE (ID, NAME, STATE_ID) VALUES (service_id_seq.NEXTVAL, 'Are Acondicionado', 1);
 
INSERT INTO BRAND_TRANSPORT (ID, NAME) VALUES (brand_transport_id_seq.NEXTVAL, 'Mercedes-Benz');
INSERT INTO BRAND_TRANSPORT (ID, NAME) VALUES (brand_transport_id_seq.NEXTVAL, 'Hyundai');
INSERT INTO BRAND_TRANSPORT (ID, NAME) VALUES (brand_transport_id_seq.NEXTVAL, 'Mitsubishi');
INSERT INTO BRAND_TRANSPORT (ID, NAME) VALUES (brand_transport_id_seq.NEXTVAL, 'Volkswagen');
INSERT INTO BRAND_TRANSPORT (ID, NAME) VALUES (brand_transport_id_seq.NEXTVAL, 'Joyling');
 
INSERT INTO STATE_TRANSPORT (ID, NAME) VALUES (state_transport_id_seq.NEXTVAL, 'MANTENIMIENTO');
INSERT INTO STATE_TRANSPORT (ID, NAME) VALUES (state_transport_id_seq.NEXTVAL, 'ACTIVO');
INSERT INTO STATE_TRANSPORT (ID, NAME) VALUES (state_transport_id_seq.NEXTVAL, 'INACTIVO');
INSERT INTO STATE_TRANSPORT (ID, NAME) VALUES (state_transport_id_seq.NEXTVAL, 'ACCIDENTADO');
 
INSERT INTO TRANSPORT_TYPE (ID, NAME, DESCRIPCION, STATE_ID) VALUES (transport_type_id_seq.NEXTVAL, 'Preferencial de Lujo', null, 1);
INSERT INTO TRANSPORT_TYPE (ID, NAME, DESCRIPCION, STATE_ID) VALUES (transport_type_id_seq.NEXTVAL, 'Doble Piso', null, 1);
INSERT INTO TRANSPORT_TYPE (ID, NAME, DESCRIPCION, STATE_ID) VALUES (transport_type_id_seq.NEXTVAL, 'Sprinter', null, 1);
INSERT INTO TRANSPORT_TYPE (ID, NAME, DESCRIPCION, STATE_ID) VALUES (transport_type_id_seq.NEXTVAL, 'Minipreferencial', null, 2);
INSERT INTO TRANSPORT_TYPE (ID, NAME, DESCRIPCION, STATE_ID) VALUES (transport_type_id_seq.NEXTVAL, 'Buseton', null, 2);
 
INSERT INTO CATALOGUE_DETAIL (TRANS_TYPE_ID, SERVICE_ID) VALUES (1, 1);
INSERT INTO CATALOGUE_DETAIL (TRANS_TYPE_ID, SERVICE_ID) VALUES (2, 2);
INSERT INTO CATALOGUE_DETAIL (TRANS_TYPE_ID, SERVICE_ID) VALUES (3, 3);
INSERT INTO CATALOGUE_DETAIL (TRANS_TYPE_ID, SERVICE_ID) VALUES (2, 1);
INSERT INTO CATALOGUE_DETAIL (TRANS_TYPE_ID, SERVICE_ID) VALUES (4, 3);
 
INSERT INTO COMPANY VALUES (1265789,'AUTOEXPRESS','CLL 5 A SUR');
INSERT INTO COMPANY VALUES (2567895,'AUTORAPIDO','CLL 33 T NORTE');
INSERT INTO COMPANY VALUES (3526478,'MECANILANDIA','CRA R 20 SUR');
INSERT INTO COMPANY VALUES (4549762,'BUSTHOR','DIAGONAL 15T NORTE');
INSERT INTO COMPANY VALUES (5264789,'MECHBUS','CLL 65 V SUR');

INSERT INTO DOCUMENT_TYPE VALUES (document_type_id_seq.NEXTVAL,'CC','cedula ciudadania',1);
INSERT INTO DOCUMENT_TYPE VALUES (document_type_id_seq.NEXTVAL,'TI','tarjeta de identidad',1);
INSERT INTO DOCUMENT_TYPE VALUES (document_type_id_seq.NEXTVAL,'CE','cedula extranjeria',1);
INSERT INTO DOCUMENT_TYPE VALUES (document_type_id_seq.NEXTVAL,'RG','registro civil',1);
INSERT INTO DOCUMENT_TYPE VALUES (document_type_id_seq.NEXTVAL,'PASSPORT','pasaporte',1);

INSERT INTO EMPLOYEE_STATE VALUES (employee_state_id_seq.NEXTVAL,'DISPACIDAD') ;
INSERT INTO EMPLOYEE_STATE VALUES (employee_state_id_seq.NEXTVAL,'MATERNIDAD') ;
INSERT INTO EMPLOYEE_STATE VALUES (employee_state_id_seq.NEXTVAL,'VACACIONES') ;

INSERT INTO TYPE_CONTRACT VALUES (type_contract_id_seq.NEXTVAL,'INDEFINIDO') ;
INSERT INTO TYPE_CONTRACT VALUES (type_contract_id_seq.NEXTVAL,'DEFINIDO');
INSERT INTO TYPE_CONTRACT VALUES (type_contract_id_seq.NEXTVAL,'HORA LABOR') ;
 
INSERT INTO WORKSHIFT VALUES (workshift_id_seq.NEXTVAL,'day',TO_DATE('2021/04/22 10:02','yyyy/mm/dd hh24:mi'), TO_DATE('2021/04/23 18:00','yyyy/mm/dd hh24:mi'));
INSERT INTO WORKSHIFT VALUES (workshift_id_seq.NEXTVAL,'night',TO_DATE('2021/09/05 20:00', 'yyyy/mm/dd hh24:mi'), TO_DATE('2021/09/06 5:00', 'yyyy/mm/dd hh24:mi'));

INSERT INTO CONTRACT VALUES (contract_id_seq.NEXTVAL,TO_DATE('2021/09/20','yyyy/mm/dd'), TO_DATE('2021/09/21','yyyy/mm/dd'),1);
INSERT INTO CONTRACT VALUES (contract_id_seq.NEXTVAL,TO_DATE('2021/09/21','yyyy/mm/dd'), TO_DATE('2021/09/22','yyyy/mm/dd'),2) ;
INSERT INTO CONTRACT VALUES (contract_id_seq.NEXTVAL,TO_DATE('2021/09/22','yyyy/mm/dd'), TO_DATE('2021/09/23','yyyy/mm/dd'),3) ;
INSERT INTO CONTRACT VALUES (contract_id_seq.NEXTVAL,TO_DATE('2021/09/23','yyyy/mm/dd'), TO_DATE('2021/09/24','yyyy/mm/dd'),1) ;
INSERT INTO CONTRACT VALUES (contract_id_seq.NEXTVAL,TO_DATE('2021/09/24','yyyy/mm/dd'), TO_DATE('2021/09/25','yyyy/mm/dd'),1) ;

INSERT INTO BOX_OFFICE VALUES (box_office_id_seq.NEXTVAL,'portal sur',1);
INSERT INTO BOX_OFFICE VALUES (box_office_id_seq.NEXTVAL,'portal norte',2);
INSERT INTO BOX_OFFICE VALUES (box_office_id_seq.NEXTVAL,'pasto',3);
INSERT INTO BOX_OFFICE VALUES (box_office_id_seq.NEXTVAL,'medellin',4);
INSERT INTO BOX_OFFICE VALUES (box_office_id_seq.NEXTVAL,'cali',5);

INSERT INTO THE_EMPLOYEE VALUES (the_employee_id_seq.NEXTVAL,1001237453,'Juanito','Perez',3112013900, TO_DATE('1990/08/12','yyyy/mm/dd'),1,2,1);
INSERT INTO THE_EMPLOYEE VALUES (the_employee_id_seq.NEXTVAL,1001626734,'Camilo','Diaz',3123156743, TO_DATE('1998/03/04','yyyy/mm/dd'),2,4,3);
INSERT INTO THE_EMPLOYEE VALUES (the_employee_id_seq.NEXTVAL,1089345743,'Luis','Suarez',3131678903, TO_DATE('2000/12/27','yyyy/mm/dd'),1,3,2);
INSERT INTO THE_EMPLOYEE VALUES (the_employee_id_seq.NEXTVAL,1021433421,'Alejandra','Gonzales',3142323563, TO_DATE('1970/07/18','yyyy/mm/dd'),1,1,4);
INSERT INTO THE_EMPLOYEE VALUES (the_employee_id_seq.NEXTVAL,1221473421,'Juanes','Roca',3149393563, TO_DATE('1970/07/18','yyyy/mm/dd'),1,1,5);

INSERT INTO EMPLOYEE_BOX_OFFICE VALUES (employee_box_office_id_seq.NEXTVAL,1,2,2);
INSERT INTO EMPLOYEE_BOX_OFFICE VALUES (employee_box_office_id_seq.NEXTVAL,5,5,2);

INSERT INTO EMPLOYEE_DRIVER VALUES (employee_driver_id_seq.NEXTVAL,1);
INSERT INTO EMPLOYEE_DRIVER VALUES (employee_driver_id_seq.NEXTVAL,3);
INSERT INTO EMPLOYEE_DRIVER VALUES (employee_driver_id_seq.NEXTVAL,4);
 
INSERT INTO TRANSPORT (LICENSE_PLATE, MODEL, YEAR, TRANS_TYPE_ID, FUEL_ID, STATE_TRANS_ID, BRAND_TRANS_ID, EMP_DRIVER_ID) VALUES ('ABF895', 'Fuso', '2016', 4, 3, 1, 3, 1);
INSERT INTO TRANSPORT (LICENSE_PLATE, MODEL, YEAR, TRANS_TYPE_ID, FUEL_ID, STATE_TRANS_ID, BRAND_TRANS_ID, EMP_DRIVER_ID) VALUES ('DYB924', '40psj', '2020', 2, 2, 2, 4, 2);
INSERT INTO TRANSPORT (LICENSE_PLATE, MODEL, YEAR, TRANS_TYPE_ID, FUEL_ID, STATE_TRANS_ID, BRAND_TRANS_ID, EMP_DRIVER_ID) VALUES ('DPY982', 'Hkl', '2018', 5, 3, 2, 5, 3);
 
INSERT INTO BILL_TECNO (ID, CODE, PRICE, DESCRIPTION, FIX_DATE, LICENSE_PLATE, COMPANY) VALUES (bill_tecno_id_seq.NEXTVAL, '598732', 3000000, 'Mantenimiento motor', TO_DATE('2021/04/20', 'yyyy/mm/dd'), 'ABF895', 1265789);
INSERT INTO BILL_TECNO (ID, CODE, PRICE, DESCRIPTION, FIX_DATE, LICENSE_PLATE, COMPANY) VALUES (bill_tecno_id_seq.NEXTVAL, '54951', 500000, 'Mantenimiento', TO_DATE('2021/03/13', 'yyyy/mm/dd'), 'DPY982', 2567895);
INSERT INTO BILL_TECNO (ID, CODE, PRICE, DESCRIPTION, FIX_DATE, LICENSE_PLATE, COMPANY) VALUES (bill_tecno_id_seq.NEXTVAL, '84634', 650000, 'Nuevos neumaticos', TO_DATE('2021/02/16', 'yyyy/mm/dd'), 'ABF895', 4549762);
 
INSERT INTO TRAVEL (ID, DEPARTURE_DATE, ARRIVAL_DATE, PRICE, ARR_TERM_ID, DEPART_TERM_ID, LICENSE_PLATE) VALUES (travel_id_seq.NEXTVAL, TO_DATE('2021-05-01 22:00', 'yyyy/mm/dd hh24:mi'), TO_DATE('2021-05-02 13:25', 'yyyy/mm/dd hh24:mi'), 30000, 1, 2, 'ABF895');
INSERT INTO TRAVEL (ID, DEPARTURE_DATE, ARRIVAL_DATE, PRICE, ARR_TERM_ID, DEPART_TERM_ID, LICENSE_PLATE) VALUES (travel_id_seq.NEXTVAL, TO_DATE('2021-04-26 16:30', 'yyyy/mm/dd hh24:mi'), TO_DATE('2021-04-25 10:05', 'yyyy/mm/dd hh24:mi'), 50000, 2, 3, 'DPY982');
INSERT INTO TRAVEL (ID, DEPARTURE_DATE, ARRIVAL_DATE, PRICE, ARR_TERM_ID, DEPART_TERM_ID, LICENSE_PLATE) VALUES (travel_id_seq.NEXTVAL, TO_DATE('2021-04-24 10:15', 'yyyy/mm/dd hh24:mi'), TO_DATE('2021-04-26 05:36', 'yyyy/mm/dd hh24:mi'), 25000, 4, 3, 'DYB924');

INSERT INTO SALE_STATE VALUES (sale_state_id_seq.NEXTVAL,'ACTIVO');
INSERT INTO SALE_STATE VALUES (sale_state_id_seq.NEXTVAL,'INACTIVO');

INSERT INTO CLIENT VALUES (client_id_seq.NEXTVAL,1012023031,'Pepito','Pablo',3202009870, TO_DATE('2001/12/09','yyyy/mm/dd'),1);
INSERT INTO CLIENT VALUES (client_id_seq.NEXTVAL,1012053031,'Rosa','Melo',3204239870, TO_DATE('2002/09/07','yyyy/mm/dd'),2);
INSERT INTO CLIENT VALUES (client_id_seq.NEXTVAL,1013323031,'Camilo','Escobar',3102066740, TO_DATE('1990/07/06','yyyy/mm/dd'),3);
INSERT INTO CLIENT VALUES (client_id_seq.NEXTVAL,1012053431,'Felipe','Suarez',3103088964, TO_DATE('1994/12/29','yyyy/mm/dd'),4);
INSERT INTO CLIENT VALUES (client_id_seq.NEXTVAL,1312023031,'Johan','Gaitan',3215009870, TO_DATE('2000/06/22','yyyy/mm/dd'),5) ;

INSERT INTO SALE VALUES (sale_id_seq.NEXTVAL,TO_DATE('2021/09/22 13:23:30','yyyy/mm/dd hh24:mi:ss'),20000,1,1,1);
INSERT INTO SALE VALUES (sale_id_seq.NEXTVAL,TO_DATE('2004/11/11 22:30:25','yyyy/mm/dd hh24:mi:ss'),30000,2,2,2);
INSERT INTO SALE VALUES (sale_id_seq.NEXTVAL,TO_DATE('2020/07/26 10:50:06','yyyy/mm/dd hh24:mi:ss'),50000,3,1,1);
INSERT INTO SALE VALUES (sale_id_seq.NEXTVAL,TO_DATE('2012/04/12 06:06:45','yyyy/mm/dd hh24:mi:ss'),40000,4,2,1);
INSERT INTO SALE VALUES (sale_id_seq.NEXTVAL,TO_DATE('2000/10/20 08:12:59','yyyy/mm/dd hh24:mi:ss'),60000,5,1,2);

INSERT INTO INVENTORY_STATE VALUES (inventory_state_id_seq.NEXTVAL,'DISPONIBLE');
INSERT INTO INVENTORY_STATE VALUES (inventory_state_id_seq.NEXTVAL,'NO DISPONIBLE');
 
INSERT INTO INVENTORY VALUES (inventory_id_seq.NEXTVAL,2,'DPY982');
INSERT INTO INVENTORY VALUES (inventory_id_seq.NEXTVAL,2,'DPY982');
INSERT INTO INVENTORY VALUES (inventory_id_seq.NEXTVAL,1,'DPY982');
INSERT INTO INVENTORY VALUES (inventory_id_seq.NEXTVAL,1,'DYB924');
INSERT INTO INVENTORY VALUES (inventory_id_seq.NEXTVAL,2,'DPY982');
 
INSERT INTO TICKET VALUES (ticket_id_seq.NEXTVAL,1,1);
INSERT INTO TICKET VALUES (ticket_id_seq.NEXTVAL,2,2);
INSERT INTO TICKET VALUES (ticket_id_seq.NEXTVAL,3,3);
INSERT INTO TICKET VALUES (ticket_id_seq.NEXTVAL,4,4);
INSERT INTO TICKET VALUES (ticket_id_seq.NEXTVAL,5,5);